backpacking,hiking,hotsprings,noactivity,otheractivities
0.016113514,0.00051976054,5.4442964e-05,0.973872,0.009440297
