Rank,ConceptID,Concept,PhotoID,0,1,2
0,n04208210,shovel,0.7976416349411011
1,n03498962,hatchet,0.008123465813696384
2,n02906734,broom,0.004174473229795694
3,n09468604,valley,0.0032681336160749197
4,n03000684,chain_saw,0.0032313682604581118
5,n03873416,paddle,0.002348036039620638
6,n03976657,pole,0.002185753546655178
7,n03970156,plunger,0.0020634932443499565
8,n04367480,swab,0.0018690964207053185
9,n03967562,plow,0.0016784274484962225
