Rank,ConceptID,Concept,PhotoID,0,1,2
0,n09468604,valley,0.7291536331176758
1,n09193705,alp,0.056206777691841125
2,n09246464,cliff,0.04519807547330856
3,n09399592,promontory,0.015165166929364204
4,n09332890,lakeside,0.00550766522064805
5,n09428293,seashore,0.0023740914184600115
6,n09472597,volcano,0.0022128839045763016
7,n04592741,wing,0.0018762071849778295
8,n04326547,stone_wall,0.0015223895898088813
9,n03792782,mountain_bike,0.001465745735913515
