Rank,ConceptID,Concept,PhotoID,0,1,2
0,n03529860,home_theater,0.6431392431259155
1,n04404412,television,0.07990048080682755
2,n03782006,monitor,0.025980601087212563
3,n09193705,alp,0.02282623015344143
4,n04152593,screen,0.022535955533385277
5,n03290653,entertainment_center,0.015892131254076958
6,n02793495,barn,0.004968458320945501
7,n03388043,fountain,0.004683290142565966
8,n04009552,projector,0.003686052281409502
9,n03028079,church,0.0036688782274723053
