backpacking,hiking,hotsprings,noactivity,otheractivities
0.24089159,0.10256363,0.015242931,0.58198494,0.059316903
