Rank,ConceptID,Concept,PhotoID,0,1,2
0,n04326547,stone_wall,0.18976418673992157
1,n03743016,megalith,0.0951986014842987
2,n09246464,cliff,0.04654586687684059
3,n03042490,cliff_dwelling,0.012461178936064243
4,n09193705,alp,0.006889803800731897
5,n02894605,breakwater,0.006507247220724821
6,n09468604,valley,0.006141515914350748
7,n02361337,marmot,0.003941951785236597
8,n09399592,promontory,0.003584056394174695
9,n02417914,ibex,0.003188078524544835
