backpacking,hiking,hotsprings,noactivity,otheractivities
0.0074429535,0.1574844,1.9989879e-05,0.8221332,0.012919447
