Rank,ConceptID,Concept,PhotoID,0,1,2
0,n09468604,valley,0.286674827337265
1,n09246464,cliff,0.2016167938709259
2,n04366367,suspension_bridge,0.05025015398859978
3,n03743016,megalith,0.032441865652799606
4,n09193705,alp,0.025555506348609924
5,n09399592,promontory,0.025277547538280487
6,n03042490,cliff_dwelling,0.0210979375988245
7,n04326547,stone_wall,0.02041330188512802
8,n03045698,cloak,0.00918304268270731
9,n04235860,sleeping_bag,0.008320127613842487
