Rank,ConceptID,Concept,PhotoID,0,1,2
0,n09468604,valley,0.6951428651809692
1,n09193705,alp,0.1288723349571228
2,n09246464,cliff,0.010050973854959011
3,n09332890,lakeside,0.009956692345440388
4,n03160309,dam,0.006362351588904858
5,n09421951,sandbar,0.0032481257803738117
6,n03792782,mountain_bike,0.002848126459866762
7,n04366367,suspension_bridge,0.002210728358477354
8,n02951358,canoe,0.0020537234377115965
9,n03792972,mountain_tent,0.0014089562464505434
