Rank,ConceptID,Concept,PhotoID,0,1,2
0,n09193705,alp,0.5732555985450745
1,n09468604,valley,0.09098160266876221
2,n09288635,geyser,0.08252070099115372
3,n09246464,cliff,0.016649598255753517
4,n09332890,lakeside,0.008457047864794731
5,n04228054,ski,0.005464289337396622
6,n09472597,volcano,0.005158013664186001
7,n03792782,mountain_bike,0.0048096501268446445
8,n09399592,promontory,0.0036961385048925877
9,n03792972,mountain_tent,0.0028117061592638493
