backpacking,hiking,hotsprings,noactivity,otheractivities
0.14112316,0.002690705,0.0009933029,0.8477203,0.007472485
