Rank,ConceptID,Concept,PhotoID,0,1,2
0,n09468604,valley,0.6947445869445801
1,n09246464,cliff,0.05825807899236679
2,n07714571,head_cabbage,0.03236687555909157
3,n09193705,alp,0.011324225924909115
4,n04326547,stone_wall,0.01097248774021864
5,n09332890,lakeside,0.0035941102541983128
6,n03733281,maze,0.0031550955027341843
7,n13052670,hen-of-the-woods,0.002098538214340806
8,n04366367,suspension_bridge,0.0020192782394587994
9,n09399592,promontory,0.0020091820042580366
