backpacking,hiking,hotsprings,noactivity,otheractivities
0.034080617,0.024153125,1.7744247e-05,0.9267525,0.014996018
