Rank,ConceptID,Concept,PhotoID,0,1,2
0,n02410509,bison,0.09581991285085678
1,n03792972,mountain_tent,0.04813532903790474
2,n03792782,mountain_bike,0.044249966740608215
3,n04252077,snowmobile,0.03862597793340683
4,n03218198,dogsled,0.03488069027662277
5,n04366367,suspension_bridge,0.024130050092935562
6,n02133161,American_black_bear,0.02388922870159149
7,n04532670,viaduct,0.023630306124687195
8,n09288635,geyser,0.022604431957006454
9,n03498962,hatchet,0.014749341644346714
