Rank,ConceptID,Concept,PhotoID,0,1,2
0,n09472597,volcano,0.235703244805336
1,n09193705,alp,0.1517406702041626
2,n09468604,valley,0.06782545894384384
3,n09332890,lakeside,0.01966860704123974
4,n09246464,cliff,0.017107488587498665
5,n03792972,mountain_tent,0.009033255279064178
6,n09399592,promontory,0.008252710103988647
7,n03792782,mountain_bike,0.004602712579071522
8,n02793495,barn,0.004150517750531435
9,n02415577,bighorn,0.0032409150153398514
