backpacking,hiking,hotsprings,noactivity,otheractivities
0.16565503,0.010352843,1.7951064e-05,0.66308355,0.16089068
