backpacking,hiking,hotsprings,noactivity,otheractivities
2.5147381e-05,0.00038964165,0.001031462,0.99567455,0.0028791884
