backpacking,hiking,hotsprings,noactivity,otheractivities
0.45996585,0.08459316,5.8540408e-08,0.3463241,0.10911683
