backpacking,hiking,hotsprings,noactivity,otheractivities
0.010179814,0.002450639,3.0073179e-05,0.9782034,0.009136032
