backpacking,hiking,hotsprings,noactivity,otheractivities
0.04017404,0.048604622,0.0018254746,0.8938614,0.015534426
