Rank,ConceptID,Concept,PhotoID,0,1,2
0,n09193705,alp,0.4251839816570282
1,n04228054,ski,0.04102615639567375
2,n09246464,cliff,0.03349214419722557
3,n09468604,valley,0.029783856123685837
4,n03976657,pole,0.01774432137608528
5,n04252225,snowplow,0.015211270190775394
6,n04208210,shovel,0.006927020847797394
7,n04366367,suspension_bridge,0.0062480769120156765
8,n06794110,street_sign,0.0061359410174191
9,n04604644,worm_fence,0.005128066521137953
