Rank,ConceptID,Concept,PhotoID,0,1,2
0,n09468604,valley,0.6791102886199951
1,n09332890,lakeside,0.020067131146788597
2,n02096177,cairn,0.01346023939549923
3,n02094114,Norfolk_terrier,0.010030971840023994
4,n03160309,dam,0.008521514013409615
5,n02098413,Lhasa,0.008167085237801075
6,n02095570,Lakeland_terrier,0.007200578227639198
7,n02099849,Chesapeake_Bay_retriever,0.0068892017006874084
8,n03792782,mountain_bike,0.005141978617757559
9,n09288635,geyser,0.0048063588328659534
