backpacking,hiking,hotsprings,noactivity,otheractivities
0.042157084,0.008616599,6.106907e-09,0.7139237,0.23530257
