Rank,ConceptID,Concept,PhotoID,0,1,2
0,n04417672,thatch,0.8403083086013794
1,n09246464,cliff,0.005935260560363531
2,n09472597,volcano,0.002787818666547537
3,n01882714,koala,0.0018269662978127599
4,n02906734,broom,0.001420554704964161
5,n03733131,maypole,0.0013022639323025942
6,n03868242,oxcart,0.0012277807109057903
7,n09332890,lakeside,0.001177926198579371
8,n13052670,hen-of-the-woods,0.0010810757521539927
9,n04136333,sarong,0.0010209711035713553
