backpacking,hiking,hotsprings,noactivity,otheractivities
0.010374453,0.4862048,1.8636628e-07,0.33538184,0.16803882
