backpacking,hiking,hotsprings,noactivity,otheractivities
0.00055715156,0.0023820966,0.00058158295,0.994902,0.0015771334
