Rank,ConceptID,Concept,PhotoID,0,1,2
0,n07802026,hay,0.6113781929016113
1,n03743016,megalith,0.0072182645089924335
2,n04326547,stone_wall,0.0025231449399143457
3,n03733281,maze,0.0021804277785122395
4,n04417672,thatch,0.0017353647854179144
5,n09468604,valley,0.0016182991676032543
6,n09246464,cliff,0.0014156517572700977
7,n03496892,harvester,0.0013059392804279923
8,n02172182,dung_beetle,0.0012924287002533674
9,n04507155,umbrella,0.0011195309925824404
