backpacking,hiking,hotsprings,noactivity,otheractivities
0.010019651,0.058381286,0.06166503,0.83055055,0.039383408
