backpacking,hiking,hotsprings,noactivity,otheractivities
0.11864479,0.81213576,7.555522e-06,0.003029819,0.0661821
