Rank,ConceptID,Concept,PhotoID,0,1,2
0,n07718472,cucumber,0.1675921380519867
1,n02169497,leaf_beetle,0.07809051126241684
2,n07716906,spaghetti_squash,0.056118134409189224
3,n01770081,harvestman,0.05396638065576553
4,n07716358,zucchini,0.04993078485131264
5,n02259212,leafhopper,0.032008543610572815
6,n02165456,ladybug,0.020414019003510475
7,n02268853,damselfly,0.020195959135890007
8,n07714571,head_cabbage,0.019296029582619667
9,n02231487,walking_stick,0.01918983832001686
