backpacking,hiking,hotsprings,noactivity,otheractivities
0.5186852,0.13434419,0.0009325072,0.0126960045,0.33334205
