Rank,ConceptID,Concept,PhotoID,0,1,2
0,n02823428,beer_bottle,0.7607144713401794
1,n04591713,wine_bottle,0.05641159042716026
2,n03983396,pop_bottle,0.017943447455763817
3,n02823750,beer_glass,0.004202077630907297
4,n02877765,bottlecap,0.003438294865190983
5,n07892512,red_wine,0.0019785237964242697
6,n04557648,water_bottle,0.0017905045533552766
7,n03666591,lighter,0.0017002930399030447
8,n04070727,refrigerator,0.0015327627770602703
9,n04154565,screwdriver,0.0009149808902293444
