backpacking,hiking,hotsprings,noactivity,otheractivities
0.0020459369,0.03497836,0.027697328,0.9326674,0.0026109586
