Rank,ConceptID,Concept,PhotoID,0,1,2
0,n09332890,lakeside,0.30032879114151
1,n09468604,valley,0.12697646021842957
2,n03160309,dam,0.09107860922813416
3,n02951358,canoe,0.08235650509595871
4,n02859443,boathouse,0.0248040072619915
5,n04366367,suspension_bridge,0.01622280478477478
6,n02894605,breakwater,0.015007211826741695
7,n03873416,paddle,0.013582844287157059
8,n03216828,dock,0.007873251102864742
9,n09421951,sandbar,0.006517360918223858
