backpacking,hiking,hotsprings,noactivity,otheractivities
0.06697057,0.14980021,0.0012538829,0.736051,0.04592431
