Rank,ConceptID,Concept,PhotoID,0,1,2
0,n01440764,tench,0.1103816032409668
1,n01728920,ringneck_snake,0.07799962162971497
2,n01739381,vine_snake,0.05458550900220871
3,n01728572,thunder_snake,0.043624620884656906
4,n01729322,hognose_snake,0.02950286492705345
5,n01734418,king_snake,0.028246816247701645
6,n01737021,water_snake,0.024853205308318138
7,n01748264,Indian_cobra,0.022954503074288368
8,n03792782,mountain_bike,0.018580608069896698
9,n01735189,garter_snake,0.01851733960211277
