backpacking,hiking,hotsprings,noactivity,otheractivities
0.53395945,0.0007202096,2.7826871e-07,0.04696567,0.41835433
