Rank,ConceptID,Concept,PhotoID,0,1,2
0,n02110185,Siberian_husky,0.43845394253730774
1,n02109961,Eskimo_dog,0.15558704733848572
2,n02110063,malamute,0.148376926779747
3,n02091467,Norwegian_elkhound,0.025188665837049484
4,n09246464,cliff,0.02223021350800991
5,n03218198,dogsled,0.008323702961206436
6,n09468604,valley,0.005548770073801279
7,n09193705,alp,0.005218088161200285
8,n02114367,timber_wolf,0.00395869929343462
9,n09332890,lakeside,0.0021625072695314884
