backpacking,hiking,hotsprings,noactivity,otheractivities
0.0023906517,0.0017860812,0.18085633,0.8043904,0.010576567
