backpacking,hiking,hotsprings,noactivity,otheractivities
0.04269852,0.9133607,2.4027841e-08,0.00013211793,0.043808732
