Rank,ConceptID,Concept,PhotoID,0,1,2
0,n09246464,cliff,0.27747103571891785
1,n04326547,stone_wall,0.12520329654216766
2,n09193705,alp,0.04899359866976738
3,n09468604,valley,0.047905538231134415
4,n02894605,breakwater,0.03961680829524994
5,n09332890,lakeside,0.023963311687111855
6,n09399592,promontory,0.022536324337124825
7,n04417672,thatch,0.019147034734487534
8,n09472597,volcano,0.00612384919077158
9,n03792782,mountain_bike,0.005089962854981422
