backpacking,hiking,hotsprings,noactivity,otheractivities
0.28032607,0.26099324,0.011667663,0.43320438,0.013808576
