Rank,ConceptID,Concept,PhotoID,0,1,2
0,n03710193,mailbox,0.8649017214775085
1,n03014705,chest,0.0030547594651579857
2,n04208210,shovel,0.002636370249092579
3,n02747177,ashcan,0.0019898866303265095
4,n04252225,snowplow,0.0013576714554801583
5,n02843684,birdhouse,0.0012982040643692017
6,n02869837,bonnet,0.0012412767391651869
7,n03709823,mailbag,0.001066170516423881
8,n02797295,barrow,0.0009170774719677866
9,n03891251,park_bench,0.0008128653280436993
