Rank,ConceptID,Concept,PhotoID,0,1,2
0,n03887697,paper_towel,0.13103719055652618
1,n02892201,brass,0.12396334111690521
2,n03485794,handkerchief,0.058685727417469025
3,n03709823,mailbag,0.03289482370018959
4,n15075141,toilet_tissue,0.03173387423157692
5,n03291819,envelope,0.030806444585323334
6,n03871628,packet,0.02555939555168152
7,n06785654,crossword_puzzle,0.023536833003163338
8,n03958227,plastic_bag,0.021616406738758087
9,n07565083,menu,0.017682986333966255
