backpacking,hiking,hotsprings,noactivity,otheractivities
0.002503428,0.017456355,3.815218e-11,0.9798794,0.00016089101
