backpacking,hiking,hotsprings,noactivity,otheractivities
0.05630398,0.016769707,4.05387e-06,0.9005736,0.026348626
