backpacking,hiking,hotsprings,noactivity,otheractivities
0.067177944,0.0016906329,4.3657417e-07,0.2687494,0.66238165
