backpacking,hiking,hotsprings,noactivity,otheractivities
0.021679394,0.933542,0.03847437,0.005267138,0.0010372064
