backpacking,hiking,hotsprings,noactivity,otheractivities
0.030384045,0.9327173,0.0026742965,0.010068976,0.024155255
