Rank,ConceptID,Concept,PhotoID,0,1,2
0,n09472597,volcano,0.6908530592918396
1,n09193705,alp,0.009347598068416119
2,n09468604,valley,0.004311793018132448
3,n03792972,mountain_tent,0.0022427516523748636
4,n09332890,lakeside,0.002242000075057149
5,n09399592,promontory,0.0016893583815544844
6,n02412080,ram,0.0016567448619753122
7,n09288635,geyser,0.0012955347774550319
8,n09246464,cliff,0.0009997711749747396
9,n02361337,marmot,0.0009065568447113037
