Rank,ConceptID,Concept,PhotoID,0,1,2
0,n04326547,stone_wall,0.3527146279811859
1,n03743016,megalith,0.23145446181297302
2,n09193705,alp,0.02253914251923561
3,n09246464,cliff,0.021568231284618378
4,n09399592,promontory,0.009265456348657608
5,n02980441,castle,0.007802073378115892
6,n09468604,valley,0.006988330278545618
7,n02361337,marmot,0.005683417432010174
8,n03042490,cliff_dwelling,0.005486709997057915
9,n02417914,ibex,0.0035624473821371794
