Rank,ConceptID,Concept,PhotoID,0,1,2
0,n03042490,cliff_dwelling,0.2062705010175705
1,n04326547,stone_wall,0.15844504535198212
2,n09246464,cliff,0.11291125416755676
3,n02788148,bannister,0.059486571699380875
4,n09468604,valley,0.044357430189847946
5,n03743016,megalith,0.02451453171670437
6,n04366367,suspension_bridge,0.014017770066857338
7,n04501370,turnstile,0.007804840337485075
8,n09399592,promontory,0.007140093948692083
9,n03733281,maze,0.005498494487255812
