Rank,ConceptID,Concept,PhotoID,0,1,2
0,n09193705,alp,0.75215083360672
1,n09468604,valley,0.053247202187776566
2,n03792972,mountain_tent,0.003634670516476035
3,n09246464,cliff,0.002926213201135397
4,n02417914,ibex,0.0022627587895840406
5,n09332890,lakeside,0.0021130316890776157
6,n04346328,stupa,0.0019719030242413282
7,n02361337,marmot,0.001795651507563889
8,n04228054,ski,0.0016996832564473152
9,n03792782,mountain_bike,0.0013800666201859713
