backpacking,hiking,hotsprings,noactivity,otheractivities
0.14604518,0.6396435,0.00012956122,0.061670333,0.15251145
