Rank,ConceptID,Concept,PhotoID,0,1,2
0,n09193705,alp,0.4597942531108856
1,n09468604,valley,0.14110223948955536
2,n09246464,cliff,0.06679040193557739
3,n03792782,mountain_bike,0.015731733292341232
4,n03792972,mountain_tent,0.01323748379945755
5,n09332890,lakeside,0.010939679108560085
6,n04228054,ski,0.007330179680138826
7,n03733281,maze,0.007140184286981821
8,n02361337,marmot,0.006023666355758905
9,n02415577,bighorn,0.005579663440585136
