backpacking,hiking,hotsprings,noactivity,otheractivities
0.086687505,0.009083387,1.6941782e-07,0.6401029,0.26412594
