backpacking,hiking,hotsprings,noactivity,otheractivities
0.033360895,0.12923034,0.0005686622,0.58886915,0.24797095
