backpacking,hiking,hotsprings,noactivity,otheractivities
0.121407874,0.80653137,0.008456278,0.033075824,0.030528657
