Rank,ConceptID,Concept,PhotoID,0,1,2
0,n09468604,valley,0.3797537088394165
1,n09193705,alp,0.2900538444519043
2,n09246464,cliff,0.04615160450339317
3,n09332890,lakeside,0.02584443800151348
4,n09399592,promontory,0.020656736567616463
5,n02361337,marmot,0.008685098960995674
6,n09472597,volcano,0.005542511586099863
7,n02417914,ibex,0.004720935132354498
8,n04326547,stone_wall,0.004419050645083189
9,n03792782,mountain_bike,0.0028022704645991325
