backpacking,hiking,hotsprings,noactivity,otheractivities
0.8254212,0.02935935,1.965047e-05,0.113477446,0.03172227
