backpacking,hiking,hotsprings,noactivity,otheractivities
0.014218795,0.00059453316,4.743532e-06,0.868629,0.11655292
