Rank,ConceptID,Concept,PhotoID,0,1,2
0,n09468604,valley,0.2875586450099945
1,n03792782,mountain_bike,0.11219687759876251
2,n09332890,lakeside,0.07677585631608963
3,n09193705,alp,0.06010064110159874
4,n03594945,jeep,0.05534457787871361
5,n09246464,cliff,0.020480668172240257
6,n04613696,yurt,0.019842861220240593
7,n04465501,tractor,0.016308428719639778
8,n09421951,sandbar,0.014254869893193245
9,n03792972,mountain_tent,0.014145920053124428
