backpacking,hiking,hotsprings,noactivity,otheractivities
0.03314147,0.017412037,0.0010259853,0.94237125,0.0060492484
