Rank,ConceptID,Concept,PhotoID,0,1,2
0,n03000684,chain_saw,0.16035203635692596
1,n03792782,mountain_bike,0.07458658516407013
2,n03763968,military_uniform,0.06901714950799942
3,n04509417,unicycle,0.06093129888176918
4,n09246464,cliff,0.04857206344604492
5,n04485082,tripod,0.03990611806511879
6,n02749479,assault_rifle,0.016054298728704453
7,n03498962,hatchet,0.0135450204834342
8,n02879718,bow,0.013504109345376492
9,n04418357,theater_curtain,0.01318812370300293
