Rank,ConceptID,Concept,PhotoID,0,1,2
0,n04228054,ski,0.29711753129959106
1,n04252077,snowmobile,0.1166655644774437
2,n03218198,dogsled,0.10426126420497894
3,n09193705,alp,0.05396629497408867
4,n04229816,ski_mask,0.041145168244838715
5,n02410509,bison,0.012704511173069477
6,n03792972,mountain_tent,0.011237326078116894
7,n02415577,bighorn,0.0074990419670939445
8,n03792782,mountain_bike,0.0046249753795564175
9,n02860847,bobsled,0.004281694535166025
