Rank,ConceptID,Concept,PhotoID,0,1,2
0,n03160309,dam,0.24135544896125793
1,n09332890,lakeside,0.18055564165115356
2,n09468604,valley,0.12318756431341171
3,n02894605,breakwater,0.04029127210378647
4,n09193705,alp,0.025630459189414978
5,n04532670,viaduct,0.01733016036450863
6,n02859443,boathouse,0.012883447110652924
7,n03933933,pier,0.011968542821705341
8,n02951358,canoe,0.0063296654261648655
9,n04366367,suspension_bridge,0.006184250582009554
