Rank,ConceptID,Concept,PhotoID,0,1,2
0,n04326547,stone_wall,0.1634053736925125
1,n02219486,ant,0.10564445704221725
2,n09246464,cliff,0.055890683084726334
3,n03804744,nail,0.03344161808490753
4,n03498962,hatchet,0.030115973204374313
5,n03743016,megalith,0.024884985759854317
6,n01784675,centipede,0.014560364186763763
7,n03930313,picket_fence,0.013282482512295246
8,n04604644,worm_fence,0.012581923045217991
9,n04275548,spider_web,0.011545706540346146
