Rank,ConceptID,Concept,PhotoID,0,1,2
0,n04447861,toilet_seat,0.24083025753498077
1,n03376595,folding_chair,0.08414262533187866
2,n03047690,clog,0.0488099567592144
3,n04560804,water_jug,0.03163471817970276
4,n03125729,cradle,0.026771755889058113
5,n04026417,purse,0.021183403208851814
6,n03637318,lampshade,0.01913653314113617
7,n03794056,mousetrap,0.012613657861948013
8,n04579145,whiskey_jug,0.011219209991395473
9,n03793489,mouse,0.010665500536561012
