backpacking,hiking,hotsprings,noactivity,otheractivities
0.06288849,0.0007523835,1.1295243e-05,0.9312918,0.005056018
