backpacking,hiking,hotsprings,noactivity,otheractivities
0.0042894688,0.96366364,2.07502e-06,0.00052186707,0.03152297
