Rank,ConceptID,Concept,PhotoID,0,1,2
0,n04326547,stone_wall,0.4514748156070709
1,n09468604,valley,0.07730429619550705
2,n03743016,megalith,0.06857863068580627
3,n09246464,cliff,0.04028649255633354
4,n03042490,cliff_dwelling,0.026172364130616188
5,n09332890,lakeside,0.009395848028361797
6,n09399592,promontory,0.006098398473113775
7,n02361337,marmot,0.0054702796041965485
8,n04417672,thatch,0.004695179406553507
9,n01796340,ptarmigan,0.004495993256568909
