Rank,ConceptID,Concept,PhotoID,0,1,2
0,n09468604,valley,0.13250483572483063
1,n09332890,lakeside,0.11519666016101837
2,n09246464,cliff,0.08326248079538345
3,n03743016,megalith,0.08275994658470154
4,n04326547,stone_wall,0.07648114860057831
5,n03792972,mountain_tent,0.02960006147623062
6,n03891251,park_bench,0.026189973577857018
7,n04532670,viaduct,0.02330613136291504
8,n03792782,mountain_bike,0.020661571994423866
9,n04366367,suspension_bridge,0.01743166521191597
