Rank,ConceptID,Concept,PhotoID,0,1,2
0,n09332890,lakeside,0.5938471555709839
1,n02536864,coho,0.017438489943742752
2,n02951358,canoe,0.015490519814193249
3,n02963159,cardigan,0.013336990028619766
4,n01440764,tench,0.013059043325483799
5,n09421951,sandbar,0.012289833277463913
6,n03594734,jean,0.010322459042072296
7,n04067472,reel,0.01008851919323206
8,n04325704,stole,0.008073125034570694
9,n02808304,bath_towel,0.007602486293762922
