backpacking,hiking,hotsprings,noactivity,otheractivities
0.0058335536,0.99376476,3.5547578e-06,0.00012724889,0.00027094362
