Rank,ConceptID,Concept,PhotoID,0,1,2
0,n09246464,cliff,0.7131721377372742
1,n04326547,stone_wall,0.043114420026540756
2,n03743016,megalith,0.031095879152417183
3,n09468604,valley,0.030608702450990677
4,n09193705,alp,0.01945284754037857
5,n03042490,cliff_dwelling,0.011814162135124207
6,n09399592,promontory,0.010148875415325165
7,n02361337,marmot,0.0055197798646986485
8,n02417914,ibex,0.00402964698150754
9,n09332890,lakeside,0.0029609014745801687
