backpacking,hiking,hotsprings,noactivity,otheractivities
0.010432353,0.026874742,0.0037383107,0.9585398,0.00041474344
