Rank,ConceptID,Concept,PhotoID,0,1,2
0,n02133161,American_black_bear,0.12418404221534729
1,n07730033,cardoon,0.041064709424972534
2,n07718747,artichoke,0.03340282663702965
3,n02410509,bison,0.02667459473013878
4,n03792972,mountain_tent,0.025415237993001938
5,n04326547,stone_wall,0.025394655764102936
6,n13052670,hen-of-the-woods,0.023745791986584663
7,n03792782,mountain_bike,0.021414628252387047
8,n13054560,bolete,0.019041607156395912
9,n04465501,tractor,0.017592554911971092
