Rank,ConceptID,Concept,PhotoID,0,1,2
0,n09246464,cliff,0.3107267916202545
1,n09193705,alp,0.19187086820602417
2,n09468604,valley,0.13992896676063538
3,n09399592,promontory,0.023859674111008644
4,n03042490,cliff_dwelling,0.015322479419410229
5,n02361337,marmot,0.009876067750155926
6,n02415577,bighorn,0.007988838478922844
7,n09332890,lakeside,0.00751896109431982
8,n03792782,mountain_bike,0.006462168879806995
9,n03792972,mountain_tent,0.004582216963171959
