backpacking,hiking,hotsprings,noactivity,otheractivities
0.005468952,0.03402661,0.019194689,0.013237787,0.928072
