backpacking,hiking,hotsprings,noactivity,otheractivities
0.0012785606,0.5492242,6.241296e-05,0.44740945,0.002025298
