backpacking,hiking,hotsprings,noactivity,otheractivities
0.0007563551,0.19720085,0.79892015,0.0030819492,4.0731516e-05
