backpacking,hiking,hotsprings,noactivity,otheractivities
0.12294234,0.09894092,7.8042205e-05,0.15044329,0.62759537
