backpacking,hiking,hotsprings,noactivity,otheractivities
0.04887135,0.029957943,0.00025312282,0.6936264,0.22729124
