Rank,ConceptID,Concept,PhotoID,0,1,2
0,n09193705,alp,0.15040650963783264
1,n03792782,mountain_bike,0.09413397312164307
2,n09332890,lakeside,0.08816096931695938
3,n09468604,valley,0.07840073853731155
4,n02415577,bighorn,0.02001364715397358
5,n02410509,bison,0.018655767664313316
6,n02104365,schipperke,0.018042732030153275
7,n03792972,mountain_tent,0.015108267776668072
8,n02361337,marmot,0.014087486080825329
9,n09246464,cliff,0.010148833505809307
