Rank,ConceptID,Concept,PhotoID,0,1,2
0,n09468604,valley,0.46338701248168945
1,n09332890,lakeside,0.16673064231872559
2,n04366367,suspension_bridge,0.042830370366573334
3,n09193705,alp,0.04235997051000595
4,n02951358,canoe,0.03780635446310043
5,n02859443,boathouse,0.020693743601441383
6,n03160309,dam,0.006034571211785078
7,n03355925,flagpole,0.006009651813656092
8,n03792972,mountain_tent,0.005973807070404291
9,n03873416,paddle,0.005795879755169153
