Rank,ConceptID,Concept,PhotoID,0,1,2
0,n02132136,brown_bear,0.24297404289245605
1,n02415577,bighorn,0.09269595891237259
2,n02133161,American_black_bear,0.05165266618132591
3,n02410509,bison,0.042878877371549606
4,n04366367,suspension_bridge,0.02382773347198963
5,n02099849,Chesapeake_Bay_retriever,0.021667441353201866
6,n03792782,mountain_bike,0.019011598080396652
7,n09468604,valley,0.01826506108045578
8,n02509815,lesser_panda,0.015234936960041523
9,n02101556,clumber,0.013989752158522606
