Rank,ConceptID,Concept,PhotoID,0,1,2
0,n13052670,hen-of-the-woods,0.09736637026071548
1,n07714571,head_cabbage,0.06438127160072327
2,n04326547,stone_wall,0.06276677548885345
3,n03733281,maze,0.0325646810233593
4,n02098105,soft-coated_wheaten_terrier,0.024546032771468163
5,n03792782,mountain_bike,0.023772481828927994
6,n09332890,lakeside,0.02088082768023014
7,n02100735,English_setter,0.019545434042811394
8,n12768682,buckeye,0.016743578016757965
9,n09468604,valley,0.016692589968442917
